Truths (Bert),Predicted (Bert)
This Arthurian hero stars in an alliterative Middle English poem in which he battles the Green Knight,sir knight sir sir sir sir knight knight knight knight knight knight knight knight robin robin robin robin robin robin robin
"In 2001 she made history: her album ""J. Lo"" & her movie ""The Wedding Planner"" were both No. 1 in the same week","she 1997 her her her her her her her "" "" "" "" "" "" "" "" "" "" "" "" "" "" "" """
Among the 854 people the Russian Orthodox Church canonized in 2000 was this czar who was buried in St. Petersburg in 1998,in 5 this heads this this thisev alexei alexei alexei alexei alexei alexei alexei
"Joe Cocker sang ""Up Where We Belong"", the love theme from ""An Officer and a Gentleman"", with this woman","in "" "" "" "" "" "" "" "" "" "" "" "" "" "" "" "" "" "" "" "" "" "" "" "" """
"This 1917 British declaration favored ""the establishment in Palestine of a national home for the Jewish people","in 1930,,,, the the the to to to to to to to to to to to"
"This venerable monk quoted Caedmon's Hymn in his ""Ecclesiastical History of the English People""","kemp kemp kemp s s s s s s "" "" "" the the the the the the "" """
In 1971 this federation of 6 states gained its independence; Ras al Khaymah made it 7 states in 1972,"uganda world,,,,,,,,"
"Michael Richards won 3 Emmys for playing this ""Seinfeld"" character","in "",,,,,,,,,,,,,,,,,,'street """
"After a 1998 nuclear test, this country's prime minister said, ""We have evened the score with India""",in 2002 prime prime prime prime prime prime prime prime prime prime prime prime prime prime prime prime prime prime
"Appointed by President Johnson, he was the first African-American U.S. Supreme Court justice",he nov was was was was was justice justice justice justice justice justice justice justice justice justice justice
"At 34 years, he was the longest-serving U.S. Supreme Court chief justice",he the the the the the the the
"He was the man with a 1947 ""Plan"" that helped rebuild Europe","benjamin "",,,,,, "" "" "" "" "" "" "" "" "" "" """
"On an April 10, 1957 episode of his parents' sitcom, he sang ""I'm Walkin' "", his first record",""" "" "" "" "" "" "" "" "" "" "" "" "" "" "" "" "" "" "" "" "" "" "" "" "" "" "" "" "" """
2-word term for the infraction being committed here,a a tennis tennis tennis tennis tennis tennis tennis tennis tennis this -
"""Memnoch The Devil"", ""The Queen Of The Damned"", ""Interview With The Vampire""","in'''' the the the in in in in in in in in in in in "" "" """
He assumed the presidency of Syria upon the death of his father in June 2000,"in the,,,,,, as as as as president president president president president president president president president president president president"
Part of this E.M. Forster novel takes place at the Pensione Bertolini in Italy,"in title "" "" "" "" the "" "" the the the the the the the the the the the"
Oxygen discoverer Joseph Priestley dubbed the material he used as an eraser this,in sir sir sir he he he he he he he a a a a a a a a a a
